x1,x2,x3,y
-0.002989469064898609,-1.0,-0.9542286206886554,-14.45930151951217
-0.29548601251602213,-0.2716528623575789,-0.3427378526424474,0.3782979088155945
-0.11323647478209531,-1.0,-0.8397582717579446,-7.465783079813889
-0.9741071683357942,0.7844269444176895,-0.5672127055070009,4.2666445986781225
0.5627854433207509,1.0,-0.7846413006717887,12.608413736312492
0.0323038676508931,0.5137872606597347,0.43438545311970245,0.5016172308193153
0.07987256818739175,0.8004264683041682,-0.40472555288656875,2.8220421790257366
-0.2973917674750157,0.3617785904923301,0.28202097116818514,-1.0569110962839006
-1.0,0.9849030828483321,0.24194462784214554,4.03231902225274
-0.6938785831640906,-0.8343838401967751,-0.32061245842736397,4.14708915163258
-0.10921617833619157,-0.14200291370925489,0.9093705666717349,0.32171607480256825
-0.7748725699889332,0.8504324835372712,-0.6336023467950311,-0.4726055250134549
0.1573672202762062,-0.6348277040219061,-1.0,-7.278911742236365
-0.7402496950375861,0.21928847809573537,-1.0,2.8843221054262442
0.16195579125411608,-0.0077323396652442256,-1.0,-3.5960606409840543
-0.1160062516879512,0.22000522751696394,-0.6525338720854925,-0.03323175050177149
0.6154914822997639,0.1769924172242645,-0.3391670080204916,1.6025244743240599
1.0,-1.0,0.0479657668903708,-7.927531252091134
-0.7943455639765584,-0.1477729762149298,1.0,2.700465841905747
-0.5245073824850686,-0.8659363622701117,1.0,0.11285556613380801
-0.4014836162127082,0.622946680964483,0.8459497322675005,3.211027035498606
0.5142293491999326,-0.3218416627721674,0.28685315241983456,1.6741444364874987
0.8811411847768382,-1.0,1.0,-7.911619715056511
0.03971291473337035,0.014082147827491509,-0.43812792450348237,1.3882426467677975
-1.0,1.0,1.0,17.1882028118957
-0.44072828044369117,0.35085648510547096,1.0,2.5998836276359247
0.7411546890302556,0.3220225672962287,-0.17293298565561965,1.9945694747603704
-1.0,0.2311849821975831,1.0,3.40281033646826
1.0,0.5286574168712854,0.9166384288427092,18.932673528297748
1.0,-0.5550868052029776,0.6811039553722154,4.438231946118735
-0.7926616789012637,0.9743999059075481,-0.4246635393937712,4.123769634388683
-0.5404339819890029,-1.0,-0.7852494585111793,-3.772258923391444
0.06899306994610543,-0.8100058247095951,0.7456060492780039,-0.5349121687953887
1.0,-1.0,-0.20250720673422284,-8.690121331401906
0.901017994521722,0.18111059128253149,1.0,10.190214742761086
-0.45493062385891747,0.15744546661289593,-0.9418138689139637,-0.38309154979450954
0.3807859860182008,-0.7813310317193771,0.3169234097467948,1.4199520455650794
-0.3045399805506459,-0.7798878182780311,-1.0,-7.554648461299128
-0.05301057920613417,-1.0,-0.17240787570190919,2.739480801291756
0.5923189690046058,0.8261405791341836,0.20471952207205657,3.3406251585586766
0.8798203495966948,-0.901130234737384,-0.23526496528854812,-2.0820236869041424
-0.16700803550224497,-0.6079897554178306,-1.0,-5.676064213842678
0.5823283246743867,-1.0,0.09482820147313054,-0.37552834101004634
1.0,0.4169822726153589,1.0,21.18290740855861
-0.27807965421756564,1.0,0.4267754479964365,6.9568800654887095
-1.0,-0.1518345058314967,0.40661828333321925,-3.324065862030106
0.1779877361834752,0.8927233276742808,1.0,8.941733789164259
-1.0,0.3564575837407422,0.2386488057808025,-4.115194491085431
-0.9485082462938976,-0.41196167365049075,0.6957313034483348,1.3923231325036312
0.2571520875622044,0.4845959415171972,0.06899660630756754,1.056306722892173
-1.0,-0.5973694420495341,-0.7388323769137075,0.9637989675585262
0.18507392258548006,0.20101103167238032,-0.8751475396014512,-0.05935330115764531
-0.39097273167080604,0.2888469008079728,-0.8323579600092545,-1.8431416174318738
-0.04714631403971259,-0.1335151670477901,0.13577268177857849,0.38364209063111776
-0.40414073725181465,0.8396611338506901,0.2501512404299755,1.9556644363796791
0.018880648776946396,-0.09841675148894025,-0.6963952140924301,0.1990227002561621
-1.0,1.0,0.051587041988590654,6.926345013848361
-0.47637894100443035,-0.3296099422789529,1.0,0.9347871027983445
0.9937871881808329,-0.49948600177259794,-1.0,1.249929061318479
-0.7988646329220892,-0.6218775177509026,0.2960686880252472,1.9861433628467726
-0.7444376185932811,-0.629749443355138,0.917806826323138,3.5546857351453123
0.011148089968145092,-0.009788196318713194,-0.5719203021406216,1.0265357979230905
0.8995985207534256,-1.0,-1.0,-29.48592166405947
-0.15373587831314772,0.765999753056535,0.3846029743078825,0.6924181607434784
0.25190430545696363,-0.6521819021183708,0.5371190421070924,0.5714749760329673
-0.5931080471748629,0.018855104198428396,0.5895292892314139,-0.5839521696602905
0.27378098840315856,-0.18009110066103684,-0.6003809287084996,2.026622672600107
-0.5416610552721088,0.7533322649421923,-1.0,-3.3907309637904106
1.0,-0.13699634096413704,-1.0,7.373848765156008
0.2641217701702008,-0.12699012999559667,0.6348336217256938,0.3854208902445634
1.0,-0.2265289340514991,0.9993914364048131,7.921231223806147
-1.0,0.009772837078276808,-0.7921924443085249,1.8145030195202823
-0.6094240158004671,0.9136121057275801,0.06410588774016324,1.9919449801204283
-0.45580505503360524,-0.25145207375673007,-1.0,-1.5161117546232619
0.9763396981408758,0.2745546675928381,0.18211383166501838,6.0510602636663595
-1.0,0.018704482890407714,-0.7452065007354451,1.328142908884205
0.3060070697970718,1.0,-0.5205940113080638,10.456181881523147
1.0,-0.49349838181770145,-0.03982235412810731,3.615946180606961
-0.5937282352731579,0.42506719457436426,0.2796160525109652,-2.36946080601566
-0.021325222552757594,-0.9001225462444427,-1.0,-11.420258930893723
0.4106529321742127,-1.0,0.03214793548533601,0.24511731006944992
-0.3818982846120369,-0.3957475514280444,0.8498451317670828,0.39313969245553276
1.0,0.09780673989645683,1.0,14.146073447989586
-0.4521078294716574,-0.8223312139318741,-1.0,-7.052301719476377
0.029826247979046094,-0.37015952185149437,-0.24438502125126504,1.5093454829840702
0.6435170341288707,0.015203772085005562,-0.29817461727690375,1.4096724474352247
-1.0,0.24214016905372304,0.33965271553778753,-4.00378012542571
1.0,-1.0,-0.8208838461815637,-18.504473847834493
-1.0,0.0054917752552980925,-0.1627461672867634,-3.8765957392874015
1.0,-0.07303416355723824,-0.998473948071809,8.374763896449517
-0.21895041541302218,0.12279484898581638,0.24182362746756025,-0.7478758001670508
-0.22293357153243454,-1.0,0.7767164618376727,-1.2719382146557263
0.38288667714325375,-0.09693598066571507,-0.29855153743323726,1.4344768348510555
-0.5737195800062664,0.10606555366357906,0.1851486799288682,-0.7380260461288516
0.13581714956348945,-0.40284094297499085,-1.0,-5.185781180234223
-0.4203663133154969,-1.0,0.507901472106618,2.6225839070540884
-0.12957797563770623,1.0,-1.0,2.6514407382981657
-1.0,-0.6054240961285322,0.6468401165100508,3.8865836826939817
0.40214880141027454,0.9267059736653771,-1.0,1.7890020236263977
0.9076002232031295,-0.36476301949423484,0.8840615299334,3.9762053924275826
-1.0,0.019065916555000895,-0.02356669918910259,-3.9580011719027715
-1.0,0.2833164941529931,-1.0,15.345327627041167
0.4790726288797549,1.0,-0.36163848459071435,10.055354620367476
0.15486710624628786,0.5444819153639389,-0.44652116577549195,0.7019219963717459
0.666757693714183,-0.6825995861826535,0.07460345113098144,0.9519763605457965
-1.0,-0.3219573384299532,0.4910057498058493,-2.0262435914904247
0.12268705538101288,0.1439824636541338,1.0,0.42474995059091747
-0.6778859071428922,-0.00741243931741864,0.6202292606637068,-0.9899516546856393
-0.7903511190637567,-1.0,0.5120495537319318,6.702353472101877
0.019525873891410805,1.0,0.637796168518473,8.805381442646485
-0.162926359220265,0.2986685284823207,-1.0,-3.137354121232821
-0.10301226039020195,-0.20785797609044798,0.819624640748047,0.15526003133867355
-1.0,0.40557758949658407,0.18234669338746023,-4.258246203463366
0.9323018322706913,-0.13251025640889247,-0.4575277305379586,4.1996641707127385
0.6047418577237869,0.7382782881807581,-0.08370635370003243,1.4944401509553253
0.2672051458961362,-1.0,0.040460108516876314,1.1868607077282352
-1.0,-1.0,-0.31152321654110704,6.203061959940894
-0.11303900883395812,0.7923997268753113,-1.0,-3.811769570008269
0.5955880216104159,-0.10728892382570243,-0.18099844089374595,1.7419543227368401
-0.44708551559968046,1.0,-0.5363246027564621,6.829065370527293
1.0,-0.4871997636380718,-0.07178159638608594,3.6333699938716157
-0.43728752312444374,-0.6390023161910325,1.0,0.26231602098447204
-0.144909350809046,0.5431277846558633,0.3644746077899912,-0.3057636684276245
-1.0,-0.7804198986797937,-0.5431368243303614,2.2792076103055243
-0.8620884637957287,0.48198223141702123,-0.41679287034196033,-1.6303183619331585
-0.955157604230904,-0.055029950996145605,0.6614758498130178,-1.533547505122479
-0.6724765193887166,-0.8780290887714284,0.47786727148044905,3.041524433055577
-0.8725687952724221,1.0,-0.117578118812383,5.435251175396535
-1.0,1.0,1.0,17.052529087470354
0.7364684484231503,1.0,0.6100257739065507,8.781683404757661
1.0,-0.18733397752660808,0.5021413033756283,6.070886524474659
0.24286056036989767,-0.16452677089570322,1.0,-0.26053739810159804
-0.6622226410054242,-1.0,0.08268551202571861,5.308556169887204
-0.5999975769545352,0.7384056750207386,0.11681351375354088,-1.5003500976066204
0.4755375257970498,0.0053860052955554405,0.10809395212776507,1.741963982907795
-0.5850938471969958,0.6706354074703367,0.35061929028768235,-2.0579001791009266
-0.6447261441971754,0.2805485419938927,-0.7512090311707629,0.2604049899382458
-0.20948483329112477,0.3423146974659419,-0.3650318103067889,-0.21691771948848854
-0.4391128594589404,0.7194281795225335,0.37195314736746843,-0.4420757154183356
0.7095130453791771,-0.8643390525430672,-0.4180319381280073,-0.1491091228331986
0.5637571022891288,-0.4575293789984092,1.0,-3.029679408708252
0.11878742185122615,0.22656493409792877,1.0,0.9601119314052916
-1.0,-0.5079624425915306,0.3243910325061927,-0.5832605909190693
-1.0,-0.4414863475194748,0.01936644708150137,-1.8173616528579648
-0.7076377149808974,-1.0,0.522802278457823,5.833022359141746
-0.2723774017112457,1.0,1.0,14.580836768424815
0.7032198388791346,-1.0,1.0,-6.6193186651958085
0.04390036540411191,-1.0,0.9483159395319782,-5.393322049316054
0.5916667367799247,-1.0,-0.5210705937321862,-3.857392105455573
-0.834991345036098,-1.0,0.73607626656006,8.664946858771163
1.0,-1.0,0.1791814979531523,-7.982568941097758
0.4659262546704557,1.0,0.3575497784527255,6.989980080682669
0.08723594775522292,0.7032030919646275,0.8486764342361921,3.549842269343741
-0.8643823541093161,-0.5819384933609388,-0.01532700247562957,1.693178499836257
-0.006136172415397212,0.793398303715384,-0.5579403046287201,1.9620586468136312
-0.05508408783036889,-1.0,0.13634899502721454,1.7409290648173066
0.6368347895915303,0.28566615080032176,-0.49135198184882944,2.0286729284335
0.8350627517948435,0.3240036266188593,0.5149016554168768,4.84811306692268
-0.9537427757220989,-1.0,1.0,16.44100038945711
0.2559911799046968,-1.0,-0.3198319308253479,0.8794329698491197
-0.7821580560932673,-1.0,-1.0,-4.238041244440848
1.0,0.39603784068998427,-0.9279752280548845,9.724571094511754
-0.2303423913992806,-0.08933087383446936,0.77350539382597,-0.7418402168137957
0.6671761011498387,-0.6403170407598031,-1.0,-8.980279625389514
0.23626609731174586,-1.0,0.6682120599624077,-0.5470579277886484
0.5772134706270844,1.0,-1.0,8.299988653457206
-0.636606592027898,0.5227359780093732,-0.017391809347986342,-1.3717958106847488
0.5561899273149733,-0.4137444641080281,0.7169106089579671,0.9014031965272742
-0.6137339827760364,-1.0,-0.21018328916581397,3.8285251629190697
-0.34024280019477526,-0.15004483288418924,-0.7364576275740582,1.048566408819864
0.43030870967170465,0.09020767391641726,0.2963372953836163,1.2167130853369876
0.16733090117346916,-0.8653894137419456,-1.0,-11.94460986902072
0.3122140420660142,0.7285744814407691,1.0,6.255090768779927
1.0,0.42794091976633464,1.0,20.57219724136443
0.4398441461563154,0.734006434614707,1.0,6.100045834911751
-0.5116165745083749,0.9111702623910252,1.0,12.37984544948821
-0.6134351979231463,0.8665910146463891,0.5196160245022292,1.139436400134383
-1.0,-0.1442332677639031,-0.3050875863792484,-2.947887659893725
-0.09076335804217006,0.13965101801791913,0.045828517628725196,0.02739220181276364
1.0,1.0,-1.0,39.07367345389877
-0.0024171316859391556,0.49354757315177555,-0.5357057601194708,0.3418263298872451
0.5683590294490695,-0.206438285406372,0.29201882497844256,1.4089272492562566
-0.3985472929361049,-0.53001703030893,-1.0,-3.4144954656897615
0.18104820365625396,1.0,-0.8522460929678806,9.133077478783003
0.8756346270819515,1.0,0.1622278740720915,9.551564802124158
-1.0,-0.6155927166789203,-1.0,5.078002957436026
0.9897671574903761,0.007973436100818354,-0.4625651122143548,4.678047203088704
0.46541190377017094,-1.0,-0.11583988148462265,-0.2010179952811971
-1.0,-0.45064555566685405,-0.7990943011592488,0.8450409869732611
0.4221754614082829,-0.6157713844909478,0.9090848327029075,-2.8458580274632155
0.7955526577267849,-1.0,-1.0,-27.41052192726005
-1.0,-1.0,-0.24652774707256886,6.055508821815396
0.20703238616395359,-0.48487380446317196,0.031627293375481536,1.9557575508165366
-0.696954998262749,-0.6158616182698744,0.9377759322587025,3.074902817230027
-0.27014813120883097,0.7056224798724833,1.0,6.364808801081568
0.5001738266715845,-0.11429210915505261,-1.0,-3.653875086443272
-0.17988366669504896,1.0,0.18194538947847483,6.584075259286708
1.0,-0.8757770489088399,-0.4109471923764658,-0.6806282657126506
0.643765993508443,-0.659260743235635,-0.43988656183216857,0.5127548997919534
-0.4051104158633596,0.4140664160467735,-0.14302299206830882,-0.888072568807191
-0.15427207080451044,0.06544058248136841,1.0,0.7774540618943377
0.6254088952305912,0.37010255758459665,1.0,3.5421398840642295
-0.06532792115112351,0.09589331611413177,-0.09577747426883332,0.8915615685506553
-0.9405945687811155,-0.26810291445914136,1.0,4.9512517618521965
-0.5161732156442302,0.1855441291905242,0.5002323066753276,-0.9272975542943738
-0.08161134850400353,-1.0,-0.5828814146707504,-1.2586207309679376
-1.0,-0.20333087238559466,-0.37072356982960075,-2.903628987172685
0.8826527625391656,-0.6184171643313525,-0.5379748905537785,1.6707760102504334
-0.2955216808276486,-1.0,-0.6394838593004246,-1.4209787122666473
1.0,0.9180614069773503,-0.8163576808448052,21.693089349840992
0.4634160881067022,-0.1450049716775288,-0.8456506141904541,0.3059717012250653
-0.6429682269550219,0.7676094622671805,-1.0,-2.104097853238011
0.8048358376432923,0.7577149482245535,0.3656838328931131,4.899894026571166
0.06546531100714126,-1.0,0.09637946852717327,2.0234843742994726
0.9450755648360529,-0.07796104530859727,-0.6598539793204825,3.9366364347096328
-1.0,0.5191087000075214,0.759395391280812,-3.3460143579596595
-0.02425228255091194,-1.0,-0.2639849818217126,2.4671937838741433
-1.0,0.10887891648946013,1.0,2.993690920551668
-0.5314899163503868,-0.2820877923587426,-0.33033779480346737,0.552890525101279
0.3854647349237521,0.9422061908089345,-0.7259854708421798,8.18689867681876
0.4059880522357633,0.019102245668420004,1.0,-0.264836009664065
-0.002415376457181928,0.6411657846530712,-0.2075377713860982,0.7293928286242214
-1.0,0.610036392930257,0.07651689082666469,-2.300125085330632
0.6916523174913949,-1.0,0.22486559068367606,-0.9787255298672256
1.0,0.15055976208027944,-0.6386671571456155,6.07939944423699
-0.12607353254710008,0.7472234139195697,-0.30886252389590063,1.0027181937524403
-0.5905778391845578,-0.7258204715307113,-1.0,-3.5648382929878126
-0.5718816579040027,0.37393914053817534,1.0,3.5446006138005273
0.1949193421640376,-0.01699664702994652,0.4457525844962096,0.17819027085368921
1.0,-0.8389450911110241,-0.36136392784225735,-0.43801786986814
-0.9679498614816917,-0.5540135662660137,0.8174931922580166,5.093315281521043
1.0,-1.0,0.034766780175491174,-9.047335822522754
-0.45975463274980055,0.10682992768505595,0.6824130886455713,-0.6303747189454887
0.14737426957350186,-0.226644978894754,1.0,-2.374878238516179
-1.0,0.39743725531902707,-1.0,16.246584827913725
0.06754781245146901,-0.3049405900456994,0.6061449036133613,0.07398218669356221
-0.08535335012465173,-0.4295905612425799,0.4778037039856837,-0.4273235448510311
-0.27170611703761716,-1.0,-0.1277902991711668,3.5168189191134696
0.15220535038465033,-0.7311125528615738,0.6010096265010902,0.9366211114234575
-1.0,0.6519777613426161,1.0,8.016941211439551
-0.04588683653595926,-1.0,0.42957227118697405,1.839096884948605
-0.2160614654597055,-0.28606789908609276,-0.2962026326098528,0.3154902115547711
0.6176255654682103,-0.20828879442679304,-0.14391841972030184,1.037367451732529
0.5095072606383022,0.6456864858969986,1.0,5.801811546152603
-0.5635095839600035,0.2719411454580358,0.7715484485768949,-0.11347845714633314
-0.04816244315189788,-0.010396802577740116,-0.9774621453377048,-2.6655767631869396
0.44856498557994406,-1.0,1.0,-6.743004716721788
-0.32269260779017195,-0.5657364729901588,0.6110331841237786,0.5453435519434442
-0.8579782731335346,0.04273243562032514,0.07652550585500517,-2.855395334733198
-0.460847254858048,1.0,-0.33847607246845235,6.541640983805348
0.9084793969799072,-0.9034581246398761,-0.9788464948333695,-15.132465844869735
0.958923777385932,-1.0,1.0,-8.798352359389812
0.4985754903003612,-0.08374322483878305,0.25513550572302846,1.9749940127434833
-0.11633537717398856,0.14206643406854758,0.391968827131564,0.11311294658683975
-0.39723334380884734,0.04184801440852115,0.14897524379807248,-0.509473116180266
-0.6662617913757329,1.0,-0.6470275433200052,3.4973691090516787
1.0,-1.0,-0.13212323517254743,-8.634539826741506
-1.0,-0.9128008332840034,0.7131445863843646,12.784689114897944
-0.4691561744485957,0.5666162889377346,1.0,5.119738436644304
0.053404626158249924,0.07203683938663774,-0.16309749441079613,1.1150473111572523
0.09970565263220665,-1.0,0.17067640115620986,2.18684407241205
0.8891034702945153,-0.7743930883757517,0.17838365950997281,0.6075753535725171
-0.18976658766329835,0.6168314871076113,1.0,5.122261687027142
0.046363529951869875,0.047933835800890945,-0.20708035545728065,1.1066134034085013
0.025235511147162937,0.5231788002312792,-0.0857521011795146,0.14516936462775898
0.08716780044871775,-1.0,0.537287802244518,0.7600359235203694
-1.0,0.9107057467883832,0.5990769149860917,-1.5934502323973951
1.0,-0.8052102686076452,-0.13384442147163855,1.072474962047751
-1.0,-1.0,-1.0,3.242685575921626
0.8598300625691184,0.28559422772666365,0.7461233674059622,6.532188366727081
0.6369127321576122,1.0,1.0,10.787685360027103
-1.0,0.1526388888618344,0.16858519307853337,-4.9617316360810975
-0.6882166830814727,0.4200084046542083,0.05771074935758613,-2.5426668241708983
-0.16953542712737435,0.3492349550008369,-1.0,-3.7186446582560975
1.0,-1.0,0.5772607213166336,-6.685708883739028
0.2997278261376508,-0.20529153001027178,0.7318037932906574,-0.1862534488541569
0.531965696789388,0.0037061973770549095,-0.10503461963573102,1.2291305216990236
1.0,1.0,-0.42575878106544307,18.74041776035858
-0.5319415628336377,1.0,-1.0,0.607847541951837
-0.448762313138265,0.6947530763266987,-0.4863025196117974,-0.7758381212668772
-0.0919200905967208,-0.7577377030749215,0.5525803876520219,0.25497702440851777
0.5618516829422366,0.026552320010357677,0.011926210622306144,1.564538743154186
0.5804321705361084,-0.7991981492942097,-0.056072264319331655,1.0611918666082085
1.0,0.7620779393181623,1.0,26.3125536372596
-1.0,0.9061173664065401,-1.0,21.277517919182678
-0.45828313049086966,0.2886134397293709,1.0,1.9750736461814344
1.0,0.6151889209117567,1.0,24.295684370518323
-0.13737828048182066,-0.1701322954766069,0.32473013885356394,0.5728424637784204
-0.8077191691912324,-0.12314605009886992,0.3573685761779368,-0.9205313136235448
-0.2704794535283459,-1.0,0.2579751209617134,3.022862820485659
1.0,0.9168570679501715,-0.2433774612307098,11.916533278947306
-0.2663371299943613,-0.45864734146744013,1.0,1.0778969939583916
-1.0,-0.6670467038611989,-0.12173097369194563,0.9143576256301372
-0.3350500746732934,-0.3420917022713883,0.35854971915057376,0.022685100437481176
-0.06868752782475074,0.6003302573626754,0.849488275176477,2.223324465533865
-1.0,-1.0,-1.0,2.920274093841322
1.0,0.3069880520035466,-0.8021846248950812,7.777815253956134
1.0,0.18313412508064797,0.021110580546503943,5.678282205618396
-0.09162942018299436,0.1382681067616658,-0.1944720678205376,0.6482671820185237
0.6552194958363298,0.4252053804298759,0.5314125226534661,1.1136390229365383
0.13836567111422848,-0.0694001491886227,-1.0,-3.2901973059607563
0.6576319805372879,-0.5640761902924858,-1.0,-6.803793205179501
-1.0,0.5493859336951923,-0.7546755634250051,6.128420615600279
1.0,-0.5220371577746941,-0.042713070899539574,3.4193014244097446
-0.8850731357110959,-0.8991995171267089,1.0,11.287908092801123
-0.12897143146179468,0.7597512354331992,0.08979573934313478,0.6340317673307437
0.06939237414510901,-0.37846184123153215,0.6079404776503832,0.4334772699961086
-0.8651888949386919,-0.11706108997793518,-0.2834284760970527,-1.1238295203547533
-1.0,0.010305954090809921,-0.8212613085993745,3.9271264773700194
-0.2348062479426254,-0.8878827551029449,-0.3134894448111589,3.193053035623566
-0.1179756237731342,-0.09054223541945383,-1.0,-3.6435820976100137
1.0,0.14621648482871197,-1.0,9.7535593650771
-1.0,-0.16151984607863556,0.44489488198146576,-3.3267144352943827
-1.0,1.0,-0.2944881116521012,10.682262140248625
0.6628135430210318,0.8432709025777569,0.10737679398393962,4.643638995016113
1.0,-0.5067245269582092,-0.19350682162406563,3.0131069308766367
-1.0,0.1559882184374659,0.38986602857471664,-4.057572299939363
-0.08038485323253841,1.0,-0.27511194802040917,7.284403569719794
0.5155215398156965,-0.6789747743329033,-0.4883735166754126,0.7134310977598715
-0.4717428591435666,-1.0,0.05977906899792762,4.570429617295387
-0.7412050423036651,0.9616471705255056,0.2646212696384709,2.265402424242738
-0.4996343440274753,-0.6833893693845583,-0.5260716124276876,0.7112794352697507
-1.0,1.0,-1.0,21.733117061134063
0.3943829975184081,0.2389814295460737,1.0,1.576963089420535
-1.0,-0.4967684942654198,-0.683069284807656,-0.47685809067882395
-0.6691842194714541,-1.0,0.20532059512187506,4.746823722028883
-0.14931483785842348,0.25575237764951053,-0.04508336890413811,-0.3042148064429875
-0.6647682451926775,0.11775665394890589,-0.533678755507085,-0.8334610535868807
-0.1389256312143492,1.0,1.0,13.675684212366898
-1.0,-1.0,-0.3315757350714368,6.015817233129738
-0.4211221652992332,-0.2990899209137683,-0.1639120846915616,0.529285144823217
1.0,-0.8527997490277317,1.0,-2.263616290154904
-0.5344517889239238,-0.0755631751153325,-0.2199539793420182,-0.30391647521600096
0.27663485348961725,-0.29896969467578294,0.759320312802128,0.2353529899796058
1.0,0.10612613844716279,0.93134851565675,13.352880280826943
-1.0,-0.011019981376076293,0.6872698519901597,-1.42024860701763
0.3445533932692053,-0.1657707252841536,0.5014700336439646,1.192002069797116
0.33545253964022104,0.4891175577200153,-0.23453859829922763,0.9498164854716028
-1.0,-0.0024046589725761347,0.3784283686267573,-4.10957715659375
-0.23981690429731017,0.07752930567160243,-0.5519128968520617,0.3319034628303739
0.19223983732665761,-0.9495510116840804,0.13489936840993955,1.9312133773592308
-0.027662145354231393,0.6137780128489017,-0.4833059284611114,0.19718661554168468
0.734618978268929,1.0,-0.7476515454453998,15.369909265331387
-0.7982019191399383,-0.6196682134620726,-1.0,1.7388721624042274
-0.8260689907650534,0.9009526817286937,1.0,12.446464170370891
0.47066695143427206,-0.7925438706398775,0.4350727982713072,0.6354968424851394
-0.4893656553452359,0.3823505146470505,0.8165577584439228,0.518789993928278
0.5371830636127644,1.0,-0.09189117810954128,8.525294804420405
-1.0,0.04328601830766243,-1.0,11.316002886729972
-0.5067631268364321,-0.2835168396131684,-0.003917668844779287,0.5922994501136398
0.8390496362539537,-1.0,-0.719158674403545,-12.15776380771092
-0.9346094324091938,-0.6766476300639461,0.10145589051645199,2.532042439647328
0.3503683340847823,-0.8509204290454124,-1.0,-12.765561625454652
0.42336799813163917,-1.0,1.0,-7.367583204293886
0.21197877233506435,1.0,1.0,11.614653226611278
-1.0,-0.7961255569287788,-0.017836362778710813,3.573884271445431
0.3375379437722765,0.27811679346816964,0.84293220719256,0.5892881886731932
-1.0,-0.20912464498629202,-0.18265327988457547,-4.136704638646755
1.0,0.24346557456811513,-0.7316600833960307,6.92997791750245
0.8511743351314869,1.0,-0.5442874623732763,14.789188741896886
-0.30701624693577756,0.30236919182557953,-0.6998030091713463,-0.8705835953577142
-1.0,-0.520581779907195,0.8044748569040894,4.229437262652875
-1.0,-1.0,-0.8729135243136354,3.9154242488989945
0.04030916009009511,-0.08313621689314088,1.0,-0.30976142890974456
0.08687509629638912,0.16818061754085445,0.010071069504157482,1.2267235378611554
0.8841899055655607,1.0,-0.405165260774754,14.324858529090436
-0.8132434376978357,0.328159364875239,0.42445348451406173,-3.5958108380668588
1.0,-0.2758164688110831,0.5260155306488887,5.3814818622649705
-1.0,-0.7606521277093086,0.016044548197432507,3.6923827465740993
-0.5883332340100353,0.9714811381419282,0.24203002951230235,3.874803945525905
1.0,-0.7761219095590177,-1.0,-6.745923724803042
-1.0,-0.8152468746502544,-0.11249055389620133,3.4794199504551977
-0.37036006472819505,0.03840228289331882,-1.0,-1.597522879052903
-0.5772155682417308,-0.6732280420170669,-0.926635055544555,-1.2541142993897259
0.5060869612925094,0.8510293403270348,-0.3597307611556586,4.3615207176454724
0.4572909990814027,-0.866599474874874,-1.0,-14.31000884663497
-0.4218472441112431,-1.0,-0.14154153876986109,3.358628975957691
0.35632285979851175,0.3358523359104395,-1.0,-3.0682281015850235
1.0,0.3276733534482663,-0.6024588389526113,5.423811389290908
0.044163018967191325,-0.11272532247869638,1.0,-1.0307018129247498
0.23730899228084867,0.4775545713184408,-1.0,-3.1521944991656414
0.03189773046068778,0.2162713930131166,0.1331521424558828,0.8819803625161784
-1.0,0.8280713417199588,0.42191045428940743,-1.1870987657332295
1.0,-1.0,0.45522501318744935,-6.641503154169898
0.5529990628054218,-0.4198545086774039,-0.7570774180006197,0.7991375464193908
-0.3604466536393409,-0.5705532201997905,-0.9996568362812719,-5.118813753746578
0.41086266687930295,-0.41332412348920955,1.0,-2.583210403533052
-1.0,0.8664649957333168,0.19597974741427593,1.35805086447774
-0.10765993749703973,-0.038178087482674705,0.8382624616513312,0.1615099237323004
1.0,0.6254456791677976,0.3883255190263202,9.122427333344907
-0.5787317065459436,-0.12750391239729497,-0.8970780129809177,-0.2905407214567206
-0.6917266817910419,-0.007884815985483629,-0.4566624126289536,-0.22528421993697925
0.45490713715664666,-0.48723230552727026,-0.06633274009344925,1.6630537611266667
0.15773061310088954,-1.0,-1.0,-18.320366902118614
-1.0,0.036265364094354435,0.13428989432924898,-3.888969970783535
0.5661584804330253,0.6156264781863894,0.09489953896713144,1.7727749291976795
-0.9425346511279515,0.4871922241793585,-1.0,12.682567861889698
0.08121264002462114,0.4950867750106842,0.8227222917848329,1.3633861158324505
-1.0,0.5096319056890175,-0.4933760009717776,1.359125967889519
1.0,-0.8620633790497576,-0.11831560246077988,-0.7501145058185668
-0.30484662235751325,-0.5909833916465697,1.0,0.7245690486680652
-0.3118469299759703,-0.4796295073288186,0.4686189545180741,0.5041133903672737
-1.0,1.0,-0.16175936876828967,9.553990167324356
-0.5045547105358481,-0.32585443935224556,-0.24808301638731023,0.2687763797810584
-0.11263903920348284,-0.8020703186936924,1.0,-3.5373357730365256
-0.30220461181745306,-0.4099649273533583,0.3846970039151416,0.6743664819343548
0.0368740135918888,0.28716151980441706,-0.2727727470733756,1.1071160117766192
1.0,-0.38919261179762854,0.46615657448063175,4.266654738199518
0.583084221450024,0.7217134732042867,-0.86300771541051,1.4098577901232865
0.8346512227578065,-0.4440862672157788,0.8295185191514656,2.1529406104653965
-0.2182012815262513,0.6448233362219644,-0.3032756935976597,0.5051128764058344
-0.09523814677288711,-0.4359721484835739,-0.008357298446748818,1.2443817364254466
0.11405612066601933,-1.0,0.8270474734675473,-3.2124265252289024
0.6577566757872768,-1.0,0.9997346362014294,-7.610590554979825
-0.7956887975591027,0.8519902673648927,-0.9745039322111058,1.2199878675265465
-0.2605975071746034,-0.3496353098487346,0.1285121026736682,0.8908794711535459
1.0,-0.49634309933276155,0.7874983747628066,6.06286767469249
1.0,0.7163274243265034,-0.8577994971145189,12.171550575835509
0.5631561831572642,-0.6237185014433857,-1.0,-7.742725099821207
-0.6250903228467843,0.7023681430243833,0.46165591096645,-0.9000682518670202
0.8100702442044605,0.26517292545518867,0.7502832588390616,5.008607277414035
-0.1004581787788068,-0.4034065349167142,-0.6734213455904388,-0.29253571214597723
0.932915194185157,-1.0,0.5608359367023825,-5.2596713349820705
-0.9616641321200827,-0.8853887330509553,-0.024329927339111768,5.5175723350930586
-1.0,-0.2505651896682246,-0.07924860815555634,-4.614551593977831
1.0,-0.9073529708285155,-0.9377219888321413,-11.588817153307666
1.0,1.0,1.0,26.413050041433024
0.5914314359635304,0.3148995495252813,0.38797849844563115,1.7639915846129195
0.5973972399668419,-0.8359841281923825,-0.9031785123077214,-7.193854565527312
-0.30511597465895646,0.3178449050467276,1.0,2.30488843373179
0.04607704996977757,0.3612059606142517,-0.039983721158145746,0.7799272798547083
0.8704204735023702,-0.04207722285996107,0.553711981393495,3.8832778124021123
0.7179357462935478,-0.6816991710830156,-0.9347597476023353,-4.65033676461274
0.03843093610814674,1.0,-0.884861588401775,7.522361003188805
-0.0035834195915225298,-0.4131464688651483,0.8100650957270035,-0.00945353371564156
0.3110628881943469,-1.0,0.6516784516607483,-0.771093201357723
-0.4451423679573361,-0.6352427566945993,0.5703658688361024,1.8017294167765439
-0.4539804070231648,-0.5747462233418481,-0.6001259982170417,1.6609151763037848
1.0,0.25410244697107554,-0.027297395597064344,5.1123147243806395
1.0,-0.2773698679598635,0.46514926643859544,6.005387716495999
-0.5196859606109141,0.4222781157870217,1.0,2.3810873234688197
-0.3390984076092667,0.2183128732035624,-1.0,-2.59665256307193
0.26321887257082643,0.5439965684172103,0.7236504290755505,1.821537180306885
1.0,-0.7427781413128125,-0.880872741012199,1.0139225116950132
-0.4435242893076401,-0.39023066606157,-0.052269564267556134,1.1353109688357532
-0.1318347721167521,0.3204220418186685,0.06585048917528935,0.41356755366819536
0.31306509611146693,0.11035422366319003,-0.5724886021238853,1.5208868958803587
0.7385255247916729,-0.4917138531803342,0.2725843353821409,1.1878655903053543
-0.42002058439145284,0.2594119317970336,-0.9424455777680545,-2.061943716476934
-0.15875556567762206,-0.7564538207544333,0.6359756031586492,0.1175350778760802
0.7182476459912877,-0.49411791005750416,-1.0,-5.289608113627826
0.4810941709503014,-0.3599061706816631,-0.3469972313931977,0.9133196495878695
0.6843102672433083,-1.0,-1.0,-25.711185320018703
0.6770322125693067,-0.4577297798513711,-1.0,-5.041408908655702
0.5225860952847714,0.528041895230954,0.7280683821225837,1.5983348356381004
-0.7119113425395078,1.0,-0.39910416482806443,3.93846144622165
0.11609494004884402,0.6240358017846224,-0.1630163882831861,0.4415883900111795
0.22939254108461116,1.0,-0.27797027350673487,9.84603112539874
-0.5805721613424133,-0.544062249911508,-0.638160489817299,1.5515271318474926
-0.891682221389807,1.0,-0.4462025898179798,6.768505729805235
-0.6156729246016173,0.48994337526685783,1.0,4.450114312307261
0.7619465344087457,-0.755895743576064,-0.22659146780202466,-1.1227338664722635
0.1667580561287343,-0.5366589282946599,-1.0,-6.930442695834026
0.9303188955266102,0.4628344500892796,0.884728237735237,12.976665939452094
1.0,-0.1310454375291379,1.0,9.642437436272264
0.8547118081604137,1.0,0.001869613974223805,9.642605380783854
0.061460093932912185,-0.05752349713364868,0.8763828631411854,-0.9695634735015064
-0.46714396153002635,0.05463808776586965,0.0521878991373097,-0.1508546647645535
0.03983163908663667,0.4374560407338539,0.1108724178629732,-0.14061678580344306
0.2328903301576124,-0.5672672032520167,-0.09020188589474731,1.7138837008857668
0.10340134561848102,0.9378066950882986,-0.3633432621785684,5.711914419267414
1.0,-0.6793133978034649,-0.3711179844165926,2.7569015678059565
-0.8560490683145139,-0.419724845075786,-1.0,3.763049905809398
-0.26704740606975474,1.0,1.0,14.13011485299249
-0.028990961081823308,0.2451605737766287,1.0,1.9142585602756437
-1.0,-0.8022400143129831,1.0,16.582761374160818
-1.0,-0.7619032952241964,1.0,15.872544390531234
-0.9449758650756217,0.05427297433987288,-0.6850904126885435,0.0024999812953445666
1.0,0.13529750157360443,0.6575645620633892,8.410761622572059
-0.08224776607275452,0.33730908935865944,-0.0736337225136896,0.23937656484246408
0.09947559849823273,-0.20550921279193268,-0.09768097339680892,0.5746710663270895
-0.8953342295907123,-0.17882602720601604,1.0,3.56419725772993
0.0261531356730329,0.7614513647587309,0.15408198011963337,2.540420899324678
-1.0,-0.7544440047899861,0.5999015095785527,7.305117398613214
-0.8297646357291932,-0.17325074322221168,-0.7247740310732282,1.2939503714288247
-0.7795652505158044,0.9064681354888529,0.10555829796472715,0.20548817559657984
-1.0,1.0,0.11961347081396467,6.098950329390632
-0.30580759382877254,-0.03688577800412207,-1.0,-1.8326695130196473
0.5666299484933146,1.0,0.3424758665652605,6.323468195887632
0.8675557998026526,0.9362079897508631,0.265660715865603,7.809945172492339
0.3861424901992194,-0.8860505269781107,-0.23319147955292374,1.6645027920326558
-0.9417481203305562,1.0,-1.0,14.504461276431767
-0.8238014835209828,-0.7870489213298959,0.5264948619025538,3.7631543415012176
0.09327472957708638,0.9655549375690402,0.08363874093506074,6.555735616584718
-1.0,0.6997667675728949,0.230894931633161,-2.589340297645924
0.04312549578365932,-0.2500673935636162,0.26860967313691164,1.060408443693618
0.35369622131962375,-0.8518713584366973,1.0,-4.561384707660585
-0.7102513607450838,-0.2600033505699926,0.5631697886354179,0.611408823867026
0.549936839760014,0.2704067874752014,-0.11960683961034269,1.316255710968276
1.0,-0.7964242202158323,-0.3662393563524684,1.4742599952008957
-0.8471063102594854,1.0,-0.9690889055980807,5.927098683046421
-0.24772662904578802,-0.33987659782352564,0.19642209704753943,0.25870054593150726
-0.622744903805954,0.41419756216691184,0.3560164214398427,-1.8234974612978136
-1.0,-0.8104823385176971,-0.9537971167704784,4.600120441441627
-0.20807262002218896,0.1112429928101426,0.4296888591904111,-0.16360533418581125
-0.50774841338617,0.316622644514053,0.25650809050046863,-1.8194658135859023
-1.0,0.7369394637743971,0.34460812370508975,-1.7997859488143733
-0.41971938653475305,-1.0,-1.0,-13.174026722561528
-0.5078737562006279,1.0,0.13938498726228166,5.204963892291939
0.04693560763726268,-0.597009719119308,1.0,-2.3280016346396724
0.260084433494568,0.4977199659240208,-0.15842648064685072,0.805129236237712
-0.09679982345087046,1.0,0.3663395067826196,7.961341279356392
-0.15797187303553661,-0.6364965060702916,-1.0,-7.125904722223518
-0.5255559485616963,1.0,-0.6896420418108888,4.683877236973402
0.25876813706489066,0.4893943655191726,0.3793863850636434,-0.2673856415636743
-0.8632875803811357,-1.0,-1.0,-1.969036798634455
-0.4562384107812767,1.0,-1.0,0.3737519172757844
0.2834364483244316,-0.14330454928890268,0.002015870320208668,1.6293443462130799
-0.513972517119154,0.5456067737563501,-1.0,-2.138529267887301
0.557144453593222,-0.07214051472361782,1.0,-0.44062329346921114
0.281908989983793,-0.35505611909729873,-0.7086770264309592,0.8081760879368446
-0.8343485860819702,0.8036002346310236,-0.15511158927303903,-1.2758167162055558
0.291827355256131,0.04687937171921597,-0.26980269238599175,1.3389002881993217
0.9245670409198359,-0.7692382235658506,0.708872048610073,0.5548725134914545
1.0,0.9210948262106124,1.0,26.155991574746036
-0.1760984304181743,-0.697720929858479,-0.2989254909872441,2.130939959639126
0.19616106378565523,1.0,-0.8869878851973141,8.848146256336262
0.33083645269609807,-1.0,-0.9783073690641697,-19.11794451245124
-0.2445900549000808,-0.9581745584194188,0.16999339663667512,2.3476900195311305
-0.07672945908065043,-1.0,-0.9590016792834037,-14.120630551048768
0.6465629962754775,-1.0,0.7625833425378068,-2.2170587413460217
-0.561246612748489,0.11646217361463918,0.34959922409785005,-0.8214010847565223
-0.6837445805812796,-0.057361609758841414,-0.25249741291273153,-0.510875669031148
-0.5357032566232904,0.037804447836833566,0.3414322543943695,-1.2150082500691337
-0.6408384153131228,0.024466889564558114,1.0,2.4222805455976433
-0.8054663367473625,0.20119909708317074,-0.34978446585587597,-1.2433159914602405
-0.37394426551682214,0.8551274473329966,1.0,10.896804955022953
1.0,1.0,-0.2116182818655752,15.124832747932583
-0.2907991917392181,0.08546376849833281,-0.7081826627753163,-0.9102133520200777
0.4704016380556195,0.5389858596123027,0.4980457246508525,1.3910335531424565
0.5349017408563259,-0.3503027729787138,-0.035120378415768316,1.2942785763062754
1.0,-0.24233137766500512,0.28687343689755207,5.284426321401217
0.2656629631881471,1.0,1.0,11.043227447740854
-0.2684970900886454,-0.23116529263909968,-1.0,-2.300631439087858
-0.9317739679605797,1.0,-0.7816425499716242,8.309153054382724
1.0,0.025633284049569216,0.6927221581313308,8.020980013468323
0.44546117519974593,-0.045874154945638734,-0.5022273685205905,1.5561917954943298
-0.024746357170663424,-1.0,0.9957600741656929,-6.599291647505838
-0.6777009899526341,-0.46145696326424757,0.32503520066940017,0.4900556839111836
1.0,-0.1982725018746141,-0.3192500316575324,4.54749763188749
0.741988947780766,0.25966293442358834,0.161728403183951,2.550931069555713
-0.5861126382639321,0.22866609316514075,0.024627464239803,-1.8516928877280763
-0.2564723785545726,0.29140298568509704,1.0,2.2949777969441185
0.6162714160735434,-1.0,0.8594415207848858,-4.006260565793992
-0.7676408521035658,0.02162683451279568,0.4905183405697475,-2.034010894678449
1.0,0.05927878808417697,-0.47959156793635405,5.1428703464744805
0.7409293091158977,0.557417337493177,0.8000306884184829,5.08204713822665
0.44750903841971224,-0.2627907350613632,-1.0,-5.236248761195675
0.291720250701492,-0.6175397878867355,-1.0,-7.184587697165591
0.5349246054000889,0.16682857545254115,1.0,0.642640155054574
-1.0,-0.3062910430820489,-0.29096675356865864,-3.2011351731765223
1.0,-1.0,0.22032786892679956,-7.24185611680068
-1.0,-0.02493207547959142,-0.3684981326461718,-2.2199062596876895
-0.16303319507520375,1.0,-0.10747924250322471,8.552896731591995
1.0,0.34658490027117783,-1.0,12.12422178936065
0.950781361315918,-0.8680341663528475,0.18599059011552677,-0.8117914272669946
-0.33630724708869963,0.5576243327649488,-0.3511716196438126,-0.7180747356420938
1.0,0.31331992677599696,0.5935358526952246,8.835067401679279
-0.3751912393682626,-0.24637523147277984,-0.6662296814406479,0.5639477351088962
0.00031379287702137937,0.9570082891222276,-0.5912660800409142,7.692253290802365
-0.32906016709032526,0.785255565095502,-0.20152142735920076,0.7912856674516745
0.5826629596876625,0.12891518901395504,0.29297254684563345,1.6249699321333297
-0.03513494607813583,0.1633762861796968,1.0,0.5331103314974721
0.49207810924786366,1.0,-0.07602146713763736,8.645583687055993
-0.9017038801529043,-0.9532111620722901,-0.8988202559716467,1.63316102404385
-0.17014732824975787,-0.3460762123866086,-0.18542619507146507,0.920902593302058
-1.0,0.3008318231902236,0.29203484403374325,-5.131445714365155
1.0,0.3283592417573795,-0.5788376119682157,5.105922498430778
-0.9958114639542324,-0.1892976180154211,0.3666096579324938,-2.8047310804104257
0.0938842601978016,0.8787401200116309,-0.7590422926528422,4.33110091842245
0.44574256334461215,-0.04013677953729422,-0.1490057975879273,2.085181054467342
0.29639143210323593,-0.2935307363444568,-0.9352821561869062,-2.1218637845096207
-0.12202970661139667,-0.657991158195653,0.7389079322288719,0.5149742544280888
-0.7939067042776642,-0.48018927786837184,-0.8900066298829383,1.5915165162966907
-0.9521316718076629,-0.2995928470423248,-0.7975350926773832,2.209267050341574
0.3771426311205164,0.3664138416620648,-1.0,-3.4017904065177538
0.3594044016865783,-0.6655291397780767,0.3911142197766859,0.6056603965986957
1.0,0.9134892569519042,0.7793012994936297,17.071160771569968
0.2747412253570385,-0.1809205836158887,-1.0,-3.771650753359556
-0.7488683233352051,0.19827048967753513,-0.46350391793130985,-1.5697387422297853
1.0,-1.0,-0.19345803837738762,-8.718712519995833
1.0,-1.0,1.0,-8.682028925655718
0.7309311527843898,0.5773421538267085,-0.357879853952509,1.1308160343681757
0.6168341355045639,-0.6907275663024934,-0.605932428265014,-0.16698976641073837
-0.9100683914473455,0.44710152965441896,-0.794478104033538,3.3010087148922946
1.0,-0.574921076695069,-1.0,-0.2314768355209148
0.4771018353099974,-0.6390384647463507,0.8614375952907385,-1.3084482685332057
0.88353178282363,0.5495614250482139,-1.0,5.070996010273331
-0.9043258463918324,1.0,0.3858890036624276,1.709965134352482
0.3195666176753116,0.24017731032354095,-0.8951445821184447,-0.40027623285189307
0.5842647409534414,-0.8608074166011626,0.07889012182898703,0.9103428491782852
-1.0,-0.32195828437837526,-0.6406710837568388,-0.9263073691022945
-0.029093114793072195,-0.7336054244805652,-0.5575015076179941,0.4989512992832848
-0.019390353892601908,0.23262932660656332,-0.292053790704754,0.11939502491682674
0.4111340466102733,-0.3294342148280611,0.6006766482343238,0.865859687286742
-1.0,0.2995911829893918,0.03052070097229076,-4.250889171775998
1.0,-0.4833027989119505,1.0,5.731431632260293
0.43935593230839265,-1.0,0.4173193063121441,-0.04032224184003705
0.37061992208449746,1.0,-1.0,6.061722779083974
-0.2046904785633763,-0.07891382449759243,-0.21528627632805808,1.211141569813673
0.9004470276052647,-0.060207567985330446,-0.04935419992627188,3.4501658854497825
-0.19125651890129935,0.024711302597245632,-0.11454330994938577,0.17633378942026756
-1.0,-1.0,0.7490772969299939,16.01814346340063
0.39910672230195443,-0.4541457267284854,-0.7764743867614046,-0.5326821925970368
0.5925649077389479,0.3598903548768091,0.769542010183651,1.8418116032956855
0.7110115804621528,0.2829952625897334,0.2031070661191947,1.6661463498619962
0.34731494056847345,-0.01770839715795436,1.0,-0.6482941247888904
0.5719246908604279,0.7721651636514151,-0.7563415771402544,2.757312097877422
-1.0,0.2628690484509566,0.7689873889091612,-2.288271409607803
0.8270589976517464,-0.6443871517027189,-0.4756620217588894,1.1680690603391326
-0.7350048838267644,0.159466449650135,0.7442178497720824,-0.03239163291450753
-0.09155992974969607,-1.0,-1.0,-15.65118170124207
-1.0,-0.1370969841056242,-0.19927069504641404,-3.657232316483372
0.6303735490402995,-1.0,-0.15359554275372123,-2.3088667849267854
-0.32010807715240785,-0.9411705062829683,1.0,-3.0457781673171547
1.0,0.4984320859502145,0.07988922173657742,6.359477084361251
0.23954003095833265,0.2975224099863658,0.6201849100744974,1.1569945615181236
1.0,-1.0,0.11933468958938986,-8.6811324551417
-0.3465620585260001,0.4483435259973856,0.11171875353968774,-0.4087487355564468
0.12291113065959602,-0.7938708930185128,-1.0,-9.552406548620267
-0.4526919323715366,-0.7993688411856996,-0.6375635434641413,0.13242031199584142
0.5566130515576311,-1.0,0.4785332376404956,-0.5909900876534806
-0.527182791311108,0.5232473461268097,0.9462400313616446,3.4278526170772055
-0.10938640544082578,0.7569529191794773,-0.218643776540703,1.3191903360321942
1.0,-0.11692799207046156,0.5546637884888921,5.845416844403433
1.0,-0.8488517757394305,0.06952032020481247,-1.1362952345810988
0.10878198516528936,0.6201546891701104,0.09444315166682116,1.9789434504032795
-1.0,-0.41788846818388325,-0.8895561526407887,2.4639160277342653
1.0,-0.4637802778219353,1.0,6.00363950165558
0.7364907602566455,1.0,-1.0,13.314470513074275
1.0,0.5831391161754333,0.18750209885058666,8.452795829075397
-0.26986266389421076,-0.21522205276940953,0.9853634516659517,0.9194856972681644
1.0,-0.5790777462884511,0.11832143441940146,3.0542445827212577
0.4197577874900935,-0.25248555037328346,0.49231937782207114,0.17857117316462334
-0.3942765996157629,-1.0,0.5208919332770305,2.195747284880471
0.10048025540308658,-0.28814630528885665,-0.9821844274766411,-4.283979500839727
0.4981504883346155,0.20215272609347323,0.6911468015970785,1.3919007860966053
-0.7834780939749877,-0.06594556799226159,-0.5566218016662472,0.16546426147694293
-1.0,0.16493377625461791,-0.22099254469574237,-3.740294282545511
-0.5393406613648681,1.0,0.13521235298548073,5.414961711914419
0.6627654638001226,0.26928966979811997,-0.09312347096733764,2.08978626610784
0.23934024247756658,1.0,-1.0,4.938373435191481
1.0,-1.0,0.24721142497052973,-8.17325184349665
0.6638491263575823,0.24120179414681875,-0.04457906741221085,1.8447438311626865
-0.8008497314558043,-0.5775510487011446,-0.25257990385154794,1.1243528532500648
0.5079493739667384,0.5399090361749286,0.4264727402326738,1.894498749468657
0.9956771952374983,-0.31915310375570716,0.2874968059680545,4.721610966709153
-1.0,0.8999470029619554,1.0,14.046970567399086
-1.0,0.2209962542112649,-1.0,14.316852888166242
-0.13167745412380927,1.0,0.3079034492778012,6.934621087534891
-0.25814597330233124,-0.3937532516174673,-5.232759998774483e-05,1.0665441412377603
-1.0,0.7294879784392942,0.6340765739932874,-2.7469630675292827
-0.11824336935147173,0.691845262944419,-0.21742399273338475,0.5913533691749188
1.0,-0.32855106125260414,0.15411053955776288,4.126465083111249
0.7398643323124341,0.4191160611346545,0.7132383302918337,3.6914203727557124
0.3553323761233038,0.6169491892136092,-0.8464540870879675,0.31538491084815834
-0.5137151781553966,0.35803100150800615,0.627517916328209,-0.4684353773202665
-0.4705772142449687,0.3677710913179375,-0.2332359590622599,-0.8897736011394606
-0.6485059948729159,0.6057698173621808,-1.0,-1.2891347550102432
0.5786848862821108,0.5348512749271517,0.022067877878899855,1.1858800469905737
-1.0,-0.5505905067084069,-0.7229085516105183,0.5699479056456804
-0.7545157142073549,1.0,-1.0,2.2517899348486923
0.9009749861075615,-0.5733314712482331,1.0,0.8421225807989741
-0.43413265683194213,0.0740903324993234,-1.0,-2.3485937739335507
-0.5612997738561663,-0.48019013504766916,-1.0,-1.8720775584279108
0.34195008432732155,-0.2802674339543958,0.37965554571543203,0.9208705781364842
-0.579013288777098,1.0,0.9432309057066388,13.092891894603294
0.5680985218573535,0.3905037401954221,1.0,3.3809705464351243
-0.047315240804854275,-1.0,0.2853315486671133,1.8450301903230182
1.0,0.18779138278933738,-1.0,10.107247636538892
0.04654378808850934,-0.207916030539675,-1.0,-3.2556428625397777
1.0,0.40491171622940425,-0.22230172411764948,5.0287251861856275
-1.0,-1.0,1.0,21.794739212845126
0.6253525625685779,0.4294369423290787,0.07056421121647038,1.3811981938804332
0.9746801222755526,0.8010782138947128,-0.07246142548233991,7.860649370951153
0.14227337962064923,0.31723865784142236,0.7173064526600597,-0.517661465669971
0.16435753225519378,0.11118507084819318,-0.0073512835684224065,-0.07458372589196838
1.0,-0.6126590352800956,0.017879789008580227,2.755489546082361
-0.9645452744352756,-0.2457125641496989,-0.1296482959556713,-3.1885592717012816
-0.3639672522413844,0.45296460739239963,1.0,2.786960391908656
1.0,-1.0,-0.36484781466763727,-9.380905508419938
-0.23648839163266278,1.0,0.2845269409976916,6.427704864496197
-0.0302523707200546,-0.038798736261381084,1.0,0.08237095878079444
1.0,0.03164867504724134,-0.30276368932821285,4.2696939050796585
-0.6262232283987919,-1.0,0.6833935394498911,2.885644578249015
1.0,0.9639466388195197,1.0,26.466692107956227
-1.0,-0.4989282057681139,-0.48798032494291577,-0.5200357983979156
-1.0,1.0,0.07363913972460523,6.572873623120555
-0.15187755466594322,0.3814493975422426,1.0,2.806203413628399
1.0,-0.02845425801304491,-0.5995835871538098,6.240466972799617
-0.7858912402005018,1.0,0.18222992607227528,4.046336928579158
0.2823300180887347,-0.30647631337931025,0.1938725581236036,1.0708042351454317
-0.06861909763267504,-0.8952846770346663,0.22712227187702383,1.8602466167178813
-1.0,0.21459158914872045,-0.9896269133559883,12.382324420877296
-1.0,0.9958668993732234,-0.5260295143136282,12.214577848548332
-0.9660859904740191,0.09989105257360809,-0.5226960537489631,-0.09407049964998526
0.8454041162862758,-0.5766432248778584,-1.0,-5.429454228925367
0.13129565811080113,-0.7565872573919996,-0.9824893097745662,-7.711759664792143
1.0,-0.2711195568463931,-0.4845994849208688,4.522328050814015
0.1302631188645922,1.0,0.14657250087207752,7.33753576585859
-0.0882903364397114,-1.0,-0.38499239403261765,1.4382666615287547
1.0,0.7112220217984235,-1.0,16.681340349912265
-0.13124849647722425,0.1598689089121419,1.0,1.2722309305766064
0.7878889022445217,0.18228021563011154,-0.9383082136365455,1.4900216015476029
-0.1541897879497376,0.04152155222651599,-0.6265217751821734,-0.0006031482464132765
0.058627095816227826,-0.5689692240231294,1.0,-2.4492093083997273
1.0,0.04024904717197031,-1.0,8.50272104928735
-0.8846990588232047,0.9388518565035262,0.4279063772272842,-0.11668033872531117
-0.3761834613283519,1.0,-0.770501134439344,4.81644884032828
0.14756335719046776,-1.0,0.28455831511638485,1.2312725632759807
0.23772184158389198,-0.9422571937128543,1.0,-5.637682324493828
-0.6885555902313403,1.0,0.9955080943044932,16.38329104747364
-1.0,-0.8313019754268745,0.6442928837035131,9.627081311301547
0.7607644179995297,0.3562863831031313,0.07813880951770602,1.965409727181169
-0.4317113658949405,0.8792616513066294,-0.5006999210308816,1.2600086113791888
0.6413740413558915,1.0,0.7320040697349779,7.949689084700433
1.0,0.6419370212849,0.10850799106335307,8.472148369495663
-0.28937132187689585,0.5827964088907209,-0.6369747273133561,-0.757382905024597
-0.8741225641928525,0.7423410732814202,0.9390901473315827,3.9933333825273363
-0.4057059682635584,0.44783866645382786,-0.1763160836203017,-1.3211952992655318
-1.0,0.6469832535178293,0.28219157188646804,-3.514046404922431
0.31358070522130466,0.5574117555260081,-1.0,-4.049796500840143
-0.11007801592371536,-0.6185790893561716,-1.0,-6.782824763872948
0.15797337226905106,0.0621599870063021,-0.3779049488968018,0.7948139772533078
0.9027669547498824,-0.24446138496766956,-0.5317950706948342,3.146306781519569
1.0,-0.56579825979945,0.4612886133401015,4.207060609137417
0.11250245267792525,1.0,-1.0,3.8276096179522474
0.5545689562553251,-0.7274982363023426,1.0,-4.71324824891836
-0.10007371513766539,-0.2178110172801775,0.0691135849189859,0.38145234920710325
0.7281111118918668,0.19888272186281686,-0.6364608987286833,1.6853215974764635
1.0,-1.0,1.0,-9.64877757507103
0.6079562044819087,0.6301808832867601,-0.6510034242685334,0.7078324699046291
0.11803411329118019,-1.0,-0.699924698857652,-4.238655793904757
1.0,0.25809834641287677,0.7352166600075627,10.50147546387065
1.0,-0.23869512752514876,0.8321052308947057,7.476900592455761
0.6404057183201355,-0.08112059035756669,0.023861170048151914,1.7951170481281986
-1.0,-0.06151722829400197,-0.9032085664240344,5.202152991085033
0.8698313985743755,1.0,0.8589710192833855,14.755633514043376
-0.9799247809363802,-1.0,-0.14613402609362236,7.759505983616108
-0.14292579839862873,0.40254235621702406,-0.5681781509857475,-0.36061555324357397
-0.9173580296855024,-0.9301495799670649,-1.0,1.5670396685756545
0.360620395379323,0.4066512268797209,-1.0,-2.3590702789611293
-0.45828876818820174,-0.8268891147240236,-1.0,-7.226494222142757
0.911397855774482,1.0,0.2596759150573482,11.14935325331389
-0.38624216317850446,-0.3345414397043802,0.023215441456011066,0.6821335072571018
-1.0,-0.1208957217236184,1.0,4.953842717034627
0.12136314693894712,-1.0,-1.0,-17.25791208300937
0.8822660951358003,0.09723087540035946,-0.33024976241873905,3.2153606157810635
1.0,0.07694936139211994,-1.0,8.739897515230197
0.8798578146560201,-1.0,-0.9577018887717172,-25.394176716988518
0.5676246216703569,0.30439646275582,1.0,2.566684302502492
-0.14385612478371113,0.07012329937293194,1.0,1.8768679847460588
-1.0,0.4091920627643446,-0.7620971812937982,4.77233879205207
-0.6566725014553916,-1.0,1.0,0.043068195432851675
-0.20278096167434523,-0.21264838595993107,-0.1389538467118261,0.6095871310986414
0.90468740562593,-1.0,-0.15532440140371895,-6.3835421554907175
-0.8096055362873675,0.9691075978006236,-1.0,3.738250632570226
-0.06219588740448212,-1.0,-1.0,-17.304355596680992
-0.383980127379437,-0.03191694614083507,0.7206502968270567,0.0003362995285257908
0.09475464939567568,0.3492442195651564,-0.23448594029394232,1.280404494816874
-0.7774431513390005,-0.1816901842633345,-0.773789072445431,1.4711382632259147
-0.29728138302758,0.5023364866500322,-0.26472448922006087,-0.18934707463916706
0.9798485757126363,1.0,-0.8798565427587173,31.31692494964837
-1.0,0.14074973630461374,-0.352873416510888,-3.223556108344702
-0.677888809658133,-1.0,1.0,1.2006843690803939
-0.2642076350201219,-0.9577458755770452,-0.9172307611997768,-8.179730039039526
0.14729657830388931,1.0,-0.8130180256572639,9.98463875781192
0.23910047548712265,-1.0,-0.8548261808692297,-10.26081725490625
-1.0,-0.29574744456585456,0.478564186494584,-1.1580280098505582
1.0,-0.9503172899008492,0.6365156036008908,-2.8731403057249603
0.29690495364316116,-0.1700758113889287,0.009739214799927343,1.1333246558285537
0.04289530141412379,1.0,0.39604218128169677,8.380294149489451
-0.08755653071424119,0.303388390580968,-0.34868423625720757,-0.13668270074806374
-1.0,0.7176452627258099,-0.5540060675498528,4.024079349820848
-0.22262367256307813,0.8369170033496338,0.030061267059302788,1.5310027980891954
-1.0,0.14790157073299826,1.0,3.43567676236294
-0.9821805212550276,-0.7875246553105475,0.37151922545331884,5.188056243499168
1.0,0.2074817944809464,-0.02078195044441089,4.665156984339467
1.0,-1.0,1.0,-9.513890331521859
0.645403843317714,-1.0,0.3776385355949583,-0.7706271360409548
1.0,0.0009064059576719963,0.8053308087958155,8.921945727481273
1.0,0.1395322469108562,1.0,15.581234661062988
1.0,0.0065627039929574416,-0.3284823116945277,5.064856945577594
-1.0,-0.2617408091971509,-1.0,8.552745555630166
-1.0,-0.9301134943916669,0.05699891981516969,6.928610232958101
0.7666341845889226,-1.0,-0.20669439080077945,-3.2603528454908695
1.0,0.371830302303912,-0.22217510878422098,5.08517724817561
0.23590945344881775,-1.0,-0.3943668443351027,0.5808431143327885
0.7414770368007018,0.1720185701293604,0.9740086464888533,3.78759065520976
0.11199538096406902,1.0,-0.393755033234126,9.787919778129478
-1.0,-0.6834912923785172,1.0,12.652279555873523
-0.933179417653115,0.09069018243692661,-0.19591509022803488,-2.4537767372329045
-0.22865559150121895,-0.5507700691450537,0.07805911197892157,0.9056820967888055
-0.5628250868754163,0.2728455366582099,-0.38930054828841487,-2.1745974329577433
-0.0418804050316437,0.5837438098184706,0.6704540919882338,1.095995118777045
-0.10950799300195557,0.7859901755018335,-0.15473476114537288,0.947637007994741
-0.155382356358021,-0.16175547541614943,0.713322738836164,-0.9180445460080832
1.0,-0.19537900007671083,-0.3743428875019019,4.990362970170384
-0.8788215647745312,-0.36355968040267683,-0.6129296601064658,0.8890400354206449
0.19828666419111118,-0.8517850608287958,1.0,-4.497414542371752
0.6211085112457806,-0.17194993228106603,0.0671792649204932,1.845771539482075
1.0,-0.4917611127612178,0.06637984192335122,3.350554077108421
0.4634531328027738,-1.0,-0.36424843626298054,-0.9038353941146335
0.7111787436792223,-0.65043839488647,-0.37818303878267856,0.9986413545185691
0.06364988156865636,0.43259453739127807,0.18427157097660807,0.06991314325447862
0.31163406241323743,0.5386688836759315,1.0,3.2351103897191003
-0.1954426203557189,-0.5895461701394584,-0.8594583814284396,-2.392027307328645
0.7788114902146519,-0.4271623201680739,-0.13812076248508176,0.5655541024857147
-0.04829268254867847,-1.0,-0.4285689165712827,1.2433951269847918
1.0,-1.0,0.3776498460786166,-6.92530712910245
0.9107748816486494,-0.40600175878610534,-1.0,-0.28431373417944217
0.42086633160850395,-0.07741620203838595,0.16753101194035724,0.7734991176583023
0.6241895332249485,-0.7455669100943052,0.24596259355222694,0.3250595609769925
-0.2556255255464255,1.0,-0.7875902480887316,6.37481591593406
-0.9408122181467562,0.17825193545061424,-1.0,11.326790797343108
-1.0,-0.2707393117028982,1.0,5.307837910809014
0.5438661481842777,0.08357571718346724,-0.21644563141929352,1.3511493130264107
0.023939443436307162,-1.0,0.26890022990938767,1.7832381668327355
0.7562605974295635,-1.0,-1.0,-26.534561922485796
0.16220363352567935,1.0,-0.6802670217035014,10.372718981806004
0.8469185390989802,0.1837957440524034,0.4435402883117865,3.436789999212653
1.0,1.0,-0.4910288604238664,19.88447566426121
-0.7879556651432391,1.0,-0.11652864477210101,4.847934452672016
1.0,-0.6073457504636823,-0.46228894795056386,3.7875811935773753
0.29416006000117734,-1.0,-0.15319027798590046,0.8209647237776403
0.16047598338836289,-0.49682207951549473,-1.0,-6.840093222769167
-0.6646506763732716,-1.0,-0.5620929452382137,0.7116196447418517
0.18132020971204477,1.0,-0.7523622877391796,10.1739715566274
0.7125176261365573,0.08173225450735311,-0.5253234764489341,2.0859134933140995
0.10201996208034791,1.0,-0.7308788269589495,10.046185680499311
0.17938112671002537,-0.8291649767661593,0.7517695529123334,-0.10628795894214349
-0.6873508509252282,-0.7499139770677516,0.05816633402727267,2.6848297891371287
-0.028534604570032984,0.7432869416560126,0.31247623090840904,1.52803161018497
-0.42752166328043884,-0.5465389062608343,-0.729587580840998,-0.12427051668900707
-0.4230726206128461,-0.30195972588315656,-0.23731171626797942,0.2819009252766398
1.0,0.39725379996089516,1.0,20.233245328757974
0.8371898582026107,0.9274278591770531,0.4451635501351052,7.627228757481713
-0.6262816208485082,0.5554956835126046,-0.6557362418693704,-1.95697999059489
-0.6885607540869985,-0.28880774930092423,0.18835832947019115,-0.14269443199539428
1.0,0.6701690121509445,0.20020246769845262,8.164080751332008
0.8132169346804148,0.3338911211743856,-0.3033645528256712,1.5948135323242982
-0.37773813912374,0.2617472453667842,0.2853526865953451,-0.17340536626168168
-1.0,-0.3493290231012751,-0.1677265273609745,-3.025221501109291
0.9552123412147482,-1.0,0.792339341738032,-5.941026974835599
-0.3972096166068755,1.0,-0.09545157002673332,6.228818265176752
0.14109910478359922,-1.0,0.23342007885249383,2.504709216541771
-0.10503218316596818,0.02961977391215065,1.0,1.1639065754167268
-1.0,-0.7997198381910133,1.0,16.44796664334526
-0.49416687551128247,-0.9102215792763622,0.2918055884409716,2.637800155122499
0.24280872611044102,-1.0,0.024791796083063034,1.7416922383564701
-1.0,-0.5788999609433678,-1.0,6.468415078954749
0.6471430058564278,0.3895174114705553,0.5928539275673943,2.1746599973980913
-1.0,0.04301717841335351,1.0,3.192372602011014
-0.15947634797668364,1.0,-0.08192405184220175,8.417488768152792
-1.0,0.971004276190381,-0.5279897724273712,11.041156311184139
-0.6587141792817117,-1.0,0.764146073205213,3.7730263848231527
0.01208072902601165,-0.43564613903395877,0.9661797306794382,-0.7236660289805504
-0.15519423052333803,-0.21024262952852935,0.9157018087923485,-0.7115812795656238
-0.09089694412742322,1.0,0.2711353684776814,6.504115987885567
0.10268936802749407,-1.0,0.38850121472825605,1.3342933864545707
1.0,-0.00572230293078424,1.0,11.948987555274115
-0.9026345734968162,1.0,-1.0,10.532676448963068
-1.0,0.0991044439167208,-0.6429781445041542,-0.1989450767493015
-1.0,-0.8080588380846303,-0.5672903287152158,2.590686239838884
-1.0,-0.3593106065065712,-0.20864159100061186,-2.7706372641813966
0.23005789266281407,-0.142735264784962,-0.2980863352449754,1.1020975318753519
1.0,-0.15153452199085682,-0.07667704013539445,3.460026251506931
0.48328169425471,-0.5998948356703451,0.5977021459716654,-0.16394379079551236
-0.1781171331979352,0.375737261568287,-0.015695466441478567,-0.18061153319690068
-0.2116628856211431,-0.2496138916411803,-0.1032901814317202,0.5882255625443257
0.2884067059487203,0.05464608557367123,-1.0,-2.8047426152903774
-0.9131333468460077,0.5506800714396343,-0.8149347872398667,4.500896900216519
0.09756137690185351,-0.6439743547026091,0.6886390989755038,-0.2605280576275193
-1.0,0.4699376293301951,-0.47652356768897386,0.052498901624054656
-1.0,0.20040347514115564,0.2843284286199008,-4.5712515917276715
-0.3782468207569669,0.951343218437277,-0.8705163002333065,0.7234330595466006
0.9031873208613861,-0.19514081302790065,-0.12533207694815363,3.3537312378996336
-0.3367126537571232,-0.9134643249709973,0.38206990852697365,1.6920389351496397
1.0,0.006739645311077069,-1.0,8.611959516785065
-1.0,1.0,-0.21607239154672775,10.967069333258813
-0.9778479044066937,-0.1681993314503769,-0.4351455259217103,-2.3091004168593443
0.7976063126782471,-0.9253128073864663,0.17627020602792443,-1.5771179341289145
-0.12811565268944203,-0.12694844135760364,1.0,0.03042558647285699
1.0,0.42973388690268277,1.0,21.458711832600237
0.1571281891364733,0.5664396435396448,-0.2607460568225377,1.5526172231392896
-0.32076201564573514,-0.9119022689004588,-0.8187686017744831,-3.698584971720982
0.27597959563531904,1.0,-0.6763583191505285,11.089722629484701
0.8658626530406841,-1.0,-0.6974973502826971,-11.216860695040937
-1.0,-1.0,0.5580871909850129,13.351036222866831
-0.11936596264112742,0.6705318997152212,-1.0,-4.548014577695529
1.0,-0.24040057142487492,0.3025445068720294,5.27822193141143
0.03352514944130469,-0.3050512823931486,-0.858696798177323,-1.0895360154824498
-0.49410715661963023,-0.9065535773055495,-1.0,-8.767844051446222
0.798372804845151,0.5463611882233823,-0.7536332699711874,2.3912477588523693
-1.0,-0.713394422882097,0.7519041961532955,7.744846467251847
0.5427756781165636,1.0,0.5676088001245425,8.38949476592535
0.1313689840448422,0.6624493028392258,-0.10329839860814172,0.542245982921844
0.21544968860961777,0.4409503497080749,0.6187550848407295,0.8586630849069334
-1.0,-0.7982570721448836,0.730335446143739,10.569915505673126
0.8767854376195696,0.21594901849745773,0.5022812924456797,4.460084275575804
0.817823503979447,0.08878972919127492,-0.05509146503459106,2.7870734523646568
-0.005432492566085134,1.0,0.003390997171450083,7.324194425351101
0.5455578791318803,0.24794609626971398,-1.0,-2.3923123359933585
-1.0,1.0,-0.7256416029585744,13.146516437191913
-0.45135001631559857,0.20402663507519447,0.8644979386535738,-0.4829961940717775
0.5184080056649754,-0.6567168076640411,1.0,-2.852583881022635
0.04976357633144235,-0.3069604740049019,-1.0,-4.806866292471113
-0.7156341581005203,0.15094663356495697,-1.0,1.6959109309098834
0.2848782212812704,1.0,-0.4074281188409965,9.780769901612274
-1.0,0.46932057010100836,-1.0,16.933890298293832
-1.0,0.6752463455528483,0.45572560730864087,-3.0484246257512058
0.791043785654638,0.5678295741775854,0.7530831717208761,5.43812641113392
0.36588619788419163,-1.0,-1.0,-20.728669607696027
0.47496164626677806,0.9658183541593384,-0.3246970328074146,8.239407254105046
-0.007603913312381749,-0.16449180300507216,-0.1632335769077291,0.8076662096930628
-0.8362856144075008,-0.48023166640088744,0.9972469280981553,5.246380497359068
0.26584564789978504,0.8184881531923558,0.7433828295059723,5.102258546340386
0.4341691219587389,-0.30153728772402855,-0.3828087179833144,0.7014139145053222
0.5609099810854763,0.6014036408633185,-0.2961306603251437,1.2536389050669612
0.5580809721326561,0.4514217226412838,0.6672420509324724,2.2027478523614406
0.2792724453798847,0.33024487631682087,-0.9716895231201317,-2.3827890911414
-0.8770131649953792,-0.960317455508876,1.0,11.199670954751037
1.0,0.1500120904771869,-0.6546466799194122,5.420414207249686
1.0,0.12233611199561412,-0.586773825374634,5.70153757252655
-0.30431404836153475,0.15891771626191797,-0.25985736108109814,-0.09957974013378708
-0.7356039916427946,-1.0,0.28803005556746863,6.006145265174429
0.3824082783048741,-0.4352013174431677,0.21660510478598116,1.9279424764351878
1.0,-0.7189855224638042,-0.02383052618932857,1.7155156917935162
1.0,-0.973198586033712,-0.3617513480432313,-7.565498369674231
1.0,-1.0,0.45219683853488957,-6.4851755191449225
-0.08664662115083632,-1.0,-0.3288640978794888,1.9349464474215778
-1.0,0.7805256648917491,-1.0,20.069842655415513
1.0,-0.7647511485548681,0.9634053721174596,0.9290342256782109
0.04012167875026362,0.024340954507800383,-0.31732223696886597,0.9890511008634573
-1.0,-0.09005495774705996,-0.987755903460124,8.70883756595537
-0.8164982285237428,0.024055092253500332,1.0,3.201736272180923
0.3449097684530895,0.1463059560049942,0.2913721928031048,1.397092577614168
-0.4304656935559299,0.6281589057509815,1.0,6.086904455417637
0.22417280671136885,0.4651568416138858,0.7519564948414041,0.6754226709877279
-0.24987947980875136,-0.6960411791100398,0.5726161662904325,1.125306883761021
1.0,0.5062710712725875,0.32678124394547137,8.858921359938368
-0.049342245310043165,-0.4245718846931572,-0.020945625656732636,0.9549434432707532
-0.10745340965747552,0.07540865220796622,-0.600707802644048,0.43405333584494776
0.7952511905060178,-0.8737668789833031,-0.6907979817131393,-2.8109930212452796
-1.0,0.35981666777057986,1.0,3.9729723832025674
-0.5588348122648243,-1.0,-1.0,-10.903825205369522
0.4799596164893365,1.0,0.05100302408219415,6.9960470153113
-0.8914912489554896,0.6359793036829156,-0.9553147254595875,5.77772857034768
0.7698181823621697,-0.9980406738044862,0.42691807866111553,-2.779150972166099
-0.9020081841831302,-0.19170758042948832,1.0,3.664237419108161
0.36458471287354155,-0.09853997228092704,-0.7329899750084448,0.9074363077981684
-0.18672595506662515,1.0,-0.3426955387634414,7.980392130264512
-0.8182185333330565,0.8006978522344455,-0.28857990149279944,-0.8718631516591986
0.08691508774569967,-0.05519094580967088,-0.4088479278297581,1.3817534945975982
-0.5052189827686266,-0.020384965600348304,0.9697698826985313,1.6939288143274234
-0.0020977927297474164,1.0,-0.5289517043675471,9.836089390472996
-0.14380067510958505,0.09057994455512586,-1.0,-3.3877240701557425
0.9310157457703945,1.0,-0.8671924708339112,25.871281254504048
-0.4854084166064896,-0.20302090979424947,1.0,1.469185134958536
1.0,-1.0,-1.0,-28.660078226261366
-1.0,0.11871924844779325,0.9624298775710278,1.8005240658104695
-0.024265888978841188,-0.06967930333013639,0.08746075171532253,0.9491878121655696
-0.030311347745831885,-1.0,-0.45559898641558894,0.6816186526071795
0.9166158115625089,-1.0,-0.46429622712215224,-8.476279471926334
1.0,0.28632198400485875,-0.2923903527993461,5.1567029199673335
-0.2152847519712633,0.41626696864616375,-0.9969459635889777,-3.3276348376526372
-0.4806374892061165,0.012318556143184445,-1.0,-1.7715180147865799
-0.48638282985029835,0.9561993459130662,1.0,14.490784779994874
1.0,0.2998457921211546,0.5549625598290429,9.308867482460535
1.0,0.5884870532765034,0.1958077444855233,7.788212374021089
-1.0,-1.0,-0.00398081704656561,7.734831672173241
-0.41006630547673417,-1.0,0.07944500357697182,3.734402482249536
-1.0,-0.7591605352260646,-0.5075444491565331,1.5957363079044138
0.3420676358378998,0.9625887350247786,0.3404604663257187,5.262639399209872
-1.0,0.7113142961801473,-0.36500251716808574,3.208630091827282
-0.13459372790475221,0.204300022303874,-1.0,-3.1121751269445115
0.5163495832051774,0.5523547666124131,-0.862337273645446,1.226070847974353
-0.5324110174915266,1.0,0.023904581206860342,5.55906574610655
-0.6070607214750678,1.0,-0.6193106423834078,3.787552396386612
-0.46069792971113466,0.9140551901591194,0.004508281290931837,2.6553725151541614
0.3791355661112026,0.27473940537213126,-0.866630566004527,-0.26059747943979406
-0.1943887260331223,0.5783929188112344,-0.5164887387111892,-0.10502029412740546
0.08450000227368126,-0.15242725545761338,0.2766487159137956,0.8615621578678753
1.0,0.524451442805671,-0.2762796732933037,6.57394938998737
-0.20053228605566198,-0.8159919600865391,-0.69024188241168,-0.9731578794339808
0.10525447546893307,-1.0,1.0,-6.635331154894323
-0.48492379543583386,-0.9749766059705036,0.3987861260678147,3.029361924577461
0.04831035079743806,-0.23370943263930077,-0.6498407798273642,1.3469664513988084
-0.6440058657980581,-0.20444216503039803,0.08187712146789927,0.3397179720911864
-0.013049790158361496,0.1528013857856747,0.916959476034136,0.5162961481528846
